keys,es_419
hero_name,Huesito
game_title,Bone Tribe
store_title,Bone Tribe: RPG de Esqueleto
btn_play,Jugar
title_tagline,Arma tu cuerpo con los huesos de los monstruos
ad_mock_rewarded,Anuncio simulado
ad_mock_interstitial,Pausa simulada
ad_mock_placement,Recompensa: %s
iap_mock_processing,Procesando compra simulada…
price_brl,R$ %s
price_usd,US$ %s
ad_place_interstitial,ninguna
bone_skull_basic_name,Cráneo básico
bone_skull_basic_desc,El cráneo con el que despertó Huesito. Sin adornos.
bone_skull_basic_part,Hueso
bone_skull_basic_adj,Huesudo
bone_ribs_basic_name,Costillas básicas
bone_ribs_basic_desc,Una caja torácica honesta. Protege el vacío de adentro.
bone_ribs_basic_part,Hueso
bone_ribs_basic_adj,Huesudo
bone_skull_wolf_name,Cráneo de Lobo
bone_skull_wolf_desc,+15% de probabilidad de crítico.
bone_skull_wolf_part,Lobo
bone_skull_wolf_adj,Lupino
bone_claw_bear_name,Garra de Oso
bone_claw_bear_desc,+4 de ataque. Los golpes causan sangrado.
bone_claw_bear_part,Oso
bone_claw_bear_adj,Feroz
bone_legs_spider_name,Patas de Araña
bone_legs_spider_desc,+25% de esquiva.
bone_legs_spider_part,Araña
bone_legs_spider_adj,Tejedor
bone_wings_bat_name,Alas de Murciélago
bone_wings_bat_desc,Robo de vida del 10%.
bone_wings_bat_part,Murciélago
bone_wings_bat_adj,Nocturno
bone_tail_scorpion_name,Cola de Escorpión
bone_tail_scorpion_desc,Veneno acumulativo: cada golpe suma una dosis.
bone_tail_scorpion_part,Escorpión
bone_tail_scorpion_adj,Venenoso
bone_tail_rat_name,Cola de Rata
bone_tail_rat_desc,+20% de polvo de hueso.
bone_tail_rat_part,Rata
bone_tail_rat_adj,Real
creature_name_format,{skull}-{legs} {adj}
name_empty_part,Hueso
name_empty_adj,Huesudo
slot_skull,Cráneo
slot_ribs,Costillas
slot_arm_left,Brazo izquierdo
slot_arm_right,Brazo derecho
slot_legs,Piernas
slot_back,Espalda
slot_tail,Cola
slot_extra,Extra
slot_arm_third,Tercer brazo
family_beast_name,Bestia
family_insect_name,Insecto
family_marine_name,Marino
family_dragon_name,Dragón
family_construct_name,Constructo
family_shadow_name,Sombra
family_beast_syn2,+10% de ataque
family_insect_syn2,+20% de daño de veneno
family_marine_syn2,+15 de defensa
family_dragon_syn2,+20% de daño de fuego
family_construct_syn2,Escudo del 15% de la vida al inicio del combate
family_shadow_syn2,+5% de robo de vida
rarity_basic,Básico
rarity_common,Común
rarity_rare,Raro
rarity_legendary,Legendario
monster_crypt_wolf_name,Lobo de las Criptas
monster_corpse_bear_name,Oso Cadavérico
monster_weaver_spider_name,Araña Tejedora
monster_vampire_bat_name,Murciélago Vampiro
monster_dune_scorpion_name,Escorpión de las Dunas
minion_skeleton_rat_name,Rata Esqueleto
minion_hungry_mimic_name,Mímico Hambriento
boss_rat_king_name,Rey Rata
ally_bone_insect_name,Insecto de Hueso
floor_forgotten_crypt,La Cripta Olvidada
levelup_strong_marrow_name,Médula Fuerte
levelup_strong_marrow_desc,+10% de vida máxima
levelup_sharp_femur_name,Fémur Afilado
levelup_sharp_femur_desc,+10% de ataque
levelup_empty_eye_name,Ojo Vacío
levelup_empty_eye_desc,+5% de probabilidad de crítico
form_night_manticore_name,Mantícora Nocturna
form_night_manticore_desc,Cada crítico aplica veneno.
form_discovered,¡Forma secreta descubierta: %s!
form_activated,Forma: %s
btn_swap,Cambiar
btn_crush,Triturar
btn_share,Compartir
btn_continue,Continuar
btn_back,Volver
btn_give_up,Rendirse
btn_revive_ad,Revivir (anuncio)
btn_double_dust_ad,Duplicar polvo (anuncio)
btn_view_card,Ver Tarjeta de Criatura
btn_play_again,Jugar de nuevo
btn_menu,Menú
btn_speed,Velocidad
opt_fight,Pelear
opt_leave,Seguir adelante
card_challenge,¿Puedes armar algo peor?
card_floor,Piso %d
card_saved,Imagen guardada: %s
card_share_text,¡Armé un %s en Bone Tribe! ¿Puedes armar algo peor?
hud_level,Nv %d
hud_floor,Piso %d/%d
event_type_combat,Combate
event_type_choice,Elección
event_type_chest,Cofre
event_type_boss,Jefe
bone_found_title,¡Hueso encontrado!
bone_found_occupied,La ranura %s ya está ocupada.
bone_current,Actual
bone_new,Nuevo
bone_crush_value,Triturar da %d de polvo de hueso
bone_equipped,¡%s encajado!
bone_crushed,+%d de polvo de hueso
choose_arm,¿En qué brazo?
levelup_title,¡Subiste de nivel!
levelup_subtitle,Elige un bono
death_title,Huesito se desarmó…
death_sub,¿Revivir con 50% de vida?
victory_title,¡La Cripta fue vencida!
run_end_title,Fin de la partida
run_end_floor,Piso alcanzado: %d
run_end_dust,Polvo de hueso: +%s
run_end_bosses,Jefes vencidos: %d
combat_flee,¡%s huyó!
combat_miss,¡Esquivó!
combat_blocked,¡Bloqueado!
combat_crit,¡Crítico!
combat_summon,¡Invocación!
combat_stun,¡Aturdido!
combat_tap_focus,Toca un enemigo para enfocarlo
status_bleed,Sangrado
status_poison,Veneno
status_stack_poison,Veneno
status_stun,Aturdido
dust_short,polvo
demo_mode,MODO DEMOSTRACIÓN
ad_place_revive,Revivir con 50% de vida
ad_place_double_dust,Duplicar el polvo de hueso
result_hp_lost,-%d de vida
result_hp_gain,+%d de vida
result_max_hp,+%d de vida máxima
result_nothing,No pasa nada.
event_rats_cheese_text,Tres ratas esqueleto se pelean por un queso petrificado. Se detienen y te miran.
event_rats_cheese_opt_sneak,Escabullirte
event_rats_cheese_res_sneak,Pasas de puntitas. El queso les importa más que tú.
event_rats_cheese_res_caught,Una rata decide que tú también pareces petrificado. Y sabroso.
event_witch_bone_text,Una bruja ofrece un hueso brillante a cambio de la mitad de tu vida. ¿Aceptar o rechazar?
event_witch_bone_opt_accept,Aceptar
event_witch_bone_opt_refuse,Rechazar
event_witch_bone_res_refuse,"La bruja se encoge de hombros y guarda el hueso en su sombrero. —Tú te lo pierdes, cariño."
event_creaky_chest_text,"Un cofre cruje solo. Puede ser un tesoro, puede ser un mímico con hambre."
event_creaky_chest_opt_open,Abrirlo
event_creaky_chest_res_treasure,¡Tesoro! El crujido era solo la bisagra quejándose de la vida.
event_creaky_chest_res_mimic,El cofre abre la boca. Tiene dientes. Muchos dientes.
event_creaky_chest_res_leave,Dejas el cofre crujiendo solo. Parece ofendido.
event_wolf_howl_text,"Un aullido cruza las tumbas. El Lobo de las Criptas olfatea tu médula, que ni siquiera tienes."
event_wolf_howl_opt_hide,Esconderte en un sarcófago
event_wolf_howl_res_hidden,"El lobo pasa de largo. El dueño del sarcófago refunfuña, pero te deja quedarte."
event_wolf_howl_res_found,La tapa del sarcófago cruje. El lobo sonríe. Con todos los dientes.
event_spider_web_text,"Telarañas gruesas cierran el pasillo. Algo de ocho patas baja despacio, sonriendo con los colmillos."
event_spider_web_opt_body,Caminar por la telaraña (Patas de Araña)
event_spider_web_res_body,Tus patas nuevas conocen el camino. La telaraña se vuelve un atajo y la araña aplaude con cuatro manos.
event_bat_ceiling_text,"Un Murciélago Vampiro duerme cabeza abajo, roncando bajito. Huele a sangre vieja."
event_bat_ceiling_opt_tiptoe,Pasar de puntitas
event_bat_ceiling_res_tiptoe,Ni un hueso cruje. Un milagro esquelético.
event_bat_ceiling_res_awake,Tu rodilla truena. El murciélago despierta. Y llama a su primo.
event_scorpion_sand_text,La arena de una tumba vieja se mueve. Aparece una cola curva que gotea algo verde.
event_bear_hibernation_text,Un Oso Cadavérico hiberna sobre una pila de huesos. Algunos parecen útiles.
event_bear_hibernation_opt_let_sleep,Dejar dormir al oso
event_bear_hibernation_res_sleep,Descansas un poco al ritmo de los ronquidos. Extrañamente reconfortante.
event_crypt_ambush_text,Huesos crujen en la oscuridad. Algo viene olfateando tu rastro.
event_bone_dice_text,Un esqueleto apostador agita dados de falange. —¿Doble o nada con tu polvo de hueso?
event_bone_dice_opt_bet,Apostar
event_bone_dice_opt_decline,Rechazar
event_bone_dice_res_win,Los dados caen en seis. El apostador casi pierde la mandíbula de tanto reír.
event_bone_dice_res_lose,"Los dados caen en uno. —La casa siempre gana, compadre."
event_bone_dice_res_decline,"—¡Cobarde! —grita, y vuelve a apostar con una rata."
event_murky_fountain_text,Una fuente de agua turbia burbujea. Dicen que quien bebe se vuelve más fuerte… o más blando.
event_murky_fountain_opt_drink,Beber
event_murky_fountain_res_good,El agua baja por tus costillas y endurece tus huesos. Te sientes firme.
event_murky_fountain_res_bad,El agua sabía a pantano. Tus huesos se ponen blanditos un rato.
event_murky_fountain_res_leave,Mejor no. Ni siquiera tienes estómago.
event_knocking_coffin_text,"Un ataúd tiembla. Adentro, algo golpea tres veces, con educación."
event_knocking_coffin_opt_open,Abrir la tapa
event_knocking_coffin_res_bone,"No hay nadie, solo un hueso estupendo esperando un dueño nuevo."
event_knocking_coffin_res_dust,"Adentro, solo polvo de hueso. Mucho polvo de hueso."
event_knocking_coffin_res_rats,Eran dos ratas esqueleto jugando a ser fantasmas. No les haces gracia.
event_knocking_coffin_res_leave,"Los golpes paran. Luego vuelven, un poco ofendidos."
event_boss_rat_king_text,"Al final de la cripta, sobre un trono de queso y huesos, el Rey Rata alza su corona. —Arrodíllate… ah, no tienes rodillas."
menu_language,Idioma
lang_pt_BR,Português
lang_en_US,English
lang_es_419,Español
title_hold_demo,Mantén el logo para el modo demostración
special_eye_beam,¡Rayo ocular!
special_fire_breath,¡Aliento de fuego!
special_golem_punch,¡Puñetazo de Gólem!
special_wave,¡Ola!
special_extra_action,¡Acción extra!
combat_guard_broken,¡Escudo roto!
collection_new,¡Nuevo en la Colección!
rejection_drop,¡Rechazo! Fuego y agua no se llevan: %s se cayó del cuerpo.
form_lich_name,Liche
menu_settings,Opciones
menu_vibration,Vibración
menu_quality,Calidad gráfica
quality_high,Alta
quality_low,Reducida
on,Activada
off,Desactivada
card_title,Tarjeta de Criatura
card_forms,Forma: %s
card_victory,¡Venció la Cripta!
combat_turn,Turno %d
bone_skull_cyclops_name,Cráneo de Cíclope
bone_skull_cyclops_desc,"Rayo ocular cada 3 turnos, 150% de daño."
bone_skull_cyclops_part,Cíclope
bone_skull_cyclops_adj,Tuerto
bone_skull_dragon_name,Cráneo de Dragón
bone_skull_dragon_desc,Aliento de fuego a todos los enemigos cada 4 turnos. Los monstruos pequeños huyen.
bone_skull_dragon_part,Dragón
bone_skull_dragon_adj,Ancestral
bone_ribs_turtle_name,Costillas de Tortuga
bone_ribs_turtle_desc,+30% de defensa.
bone_ribs_turtle_part,Tortuga
bone_ribs_turtle_adj,Blindado
bone_ribs_golem_name,Jaula de Gólem
bone_ribs_golem_desc,Escudo del 20% de la vida al inicio de cada combate.
bone_ribs_golem_part,Gólem
bone_ribs_golem_adj,Rúnico
bone_pincer_crab_name,Pinza de Cangrejo
bone_pincer_crab_desc,+4 de ataque. 20% de probabilidad de aturdir.
bone_pincer_crab_part,Cangrejo
bone_pincer_crab_adj,Abisal
bone_stinger_wasp_name,Aguijón de Avispa
bone_stinger_wasp_desc,+3 de ataque. Los ataques aplican veneno.
bone_stinger_wasp_part,Avispa
bone_stinger_wasp_adj,Zumbador
bone_blade_mantis_name,Hoja de Mantis
bone_blade_mantis_desc,"+6 de ataque. Ataca 2 veces por turno, 60% de daño cada una."
bone_blade_mantis_part,Mantis
bone_blade_mantis_adj,Afilado
bone_fist_golem_name,Puño de Gólem
bone_fist_golem_desc,+8 de ataque. Puñetazo de 200% de daño cada 4 turnos.
bone_fist_golem_part,Gólem
bone_fist_golem_adj,Aplastante
bone_legs_grasshopper_name,Patas de Saltamontes
bone_legs_grasshopper_desc,Evita el 15% de las trampas y ataca primero en el 1.er turno.
bone_legs_grasshopper_part,Saltamontes
bone_legs_grasshopper_adj,Saltarín
bone_legs_centaur_name,Patas de Centauro
bone_legs_centaur_desc,Siempre ataca primero.
bone_legs_centaur_part,Centauro
bone_legs_centaur_adj,Galopante
bone_shell_beetle_name,Caparazón de Escarabajo
bone_shell_beetle_desc,Refleja el 15% del daño recibido.
bone_shell_beetle_part,Escarabajo
bone_shell_beetle_adj,Acorazado
bone_wings_dragon_name,Alas de Dragón
bone_wings_dragon_desc,Una acción extra cada 5 turnos.
bone_wings_dragon_part,Dragón
bone_wings_dragon_adj,Alado
bone_tail_lizard_name,Cola de Lagarto
bone_tail_lizard_desc,Regenera el 3% de la vida por turno.
bone_tail_lizard_part,Lagarto
bone_tail_lizard_adj,Llameante
bone_spine_hydra_name,Columna de Hidra
bone_spine_hydra_desc,Abre un tercer brazo.
bone_spine_hydra_part,Hidra
bone_spine_hydra_adj,Policéfalo
monster_stone_turtle_name,Tortuga de Piedra
monster_abyssal_crab_name,Cangrejo Abisal
monster_bone_wasp_name,Avispa Huesuda
monster_giant_mantis_name,Mantis Gigante
monster_bone_grasshopper_name,Saltamontes de Huesos
monster_bony_centaur_name,Centauro Huesudo
monster_armored_beetle_name,Escarabajo Blindado
monster_ash_lizard_name,Lagarto de Cenizas
monster_bony_cyclops_name,Cíclope Huesudo
boss_forgotten_golem_name,Gólem Olvidado
boss_ancient_dragon_name,Dragón Anciano
boss_hydra_name,Hidra
form_werewolf_name,Hombre Lobo de Hueso
form_werewolf_desc,"Por debajo del 30% de vida, el ataque se duplica."
form_swarm_queen_name,Reina Enjambre
form_swarm_queen_desc,Invoca 2 insectos de hueso al inicio de cada combate.
form_leviathan_name,Leviatán
form_leviathan_desc,"Cada 5 turnos, una ola aturde a todos los enemigos."
form_bone_wyrm_name,Wyrm Óseo
form_bone_wyrm_desc,Aliento de fuego a todos los enemigos cada 3 turnos.
form_colossus_name,Coloso
form_colossus_desc,Inmune al primer golpe de cada combate; el tamaño se duplica.
form_lich_desc,Revive una vez por partida con el 50% de la vida.
form_chimera_name,Quimera
form_chimera_desc,+8% a todos los atributos por familia equipada.
form_abyssal_knight_name,Caballero Abisal
form_abyssal_knight_desc,Contraataca cada golpe bloqueado.
event_boss_forgotten_golem_text,"Una pila de piedras se levanta, rechinando runas azules. El Gólem Olvidado no recuerda quién es, pero sí cómo aplastar."
event_boss_ancient_dragon_text,El aire se calienta. Huesos enormes se desenroscan en la oscuridad y dos ojos se encienden como brasas. El Dragón Anciano despertó de mal humor.
event_boss_hydra_text,De las cenizas del Dragón se alzan tres cuellos. Cada cabeza discute con las otras quién te morderá primero.
hydra_awakens,¡La Hidra despertó!
event_hydra_unlock_text,El fuego de tu Wyrm Óseo llamó a algo antiguo. El suelo tiembla. La cripta tiene un piso más.
reward_diamonds,+%d diamantes
special_bite,¡Mordida triple!
event_rats_cheese_res_body1,"Las ratas ven tu cráneo de dragón, sueltan el queso y huyen chillando. El queso es tuyo. Sigue petrificado."
event_rats_cheese_opt_body1,Intimidar (Cráneo de Dragón)
event_wolf_howl_res_body1,"El lobo agacha las orejas, mueve la cola sin gracia y deja un hueso mordido como ofrenda."
event_wolf_howl_opt_body1,Intimidar (Cráneo de Dragón)
event_crypt_ambush_res_body1,Ruges con el cráneo de dragón. Lo que acechaba en la oscuridad recuerda de pronto otra cita.
event_crypt_ambush_opt_body1,Intimidar (Cráneo de Dragón)
event_turtle_shrine_text,"Una Tortuga de Piedra dormita sobre un altar abandonado. El altar parece valioso. La tortuga, pesada."
event_crab_puddle_text,"Un charco oscuro burbujea. De adentro suben dos pinzas que hacen clac-clac, buscando pelea."
event_wasp_nest_text,Un nido de avispas hecho de huesos zumba en el techo. Una Avispa Huesuda sale a ver quién hace ruido.
event_wasp_nest_res_1,Pasas zumbando más fuerte que ellas. Funciona.
event_wasp_nest_res_2,Todo el enjambre decide acompañarte a la salida. Con aguijones.
event_wasp_nest_opt_1,Correr tapándote los oídos
event_mantis_prayer_text,"Una Mantis Gigante reza ante una tumba. Cuando llegas, abre los ojos. Y las cuchillas."
event_mantis_prayer_res_1,"Rezan en silencio. Termina, hace una reverencia y se va. Te sientes bendecido."
event_mantis_prayer_res_2,Rezas demasiado fuerte. La mantis lo considera una herejía.
event_mantis_prayer_opt_1,Rezar con ella
event_grasshopper_choir_text,Saltamontes de Huesos cantan en coro. Uno desafina a propósito cuando te ve.
event_grasshopper_choir_res_1,El coro hace una reverencia y te despide con un bis. Experiencia musical adquirida.
event_grasshopper_choir_res_2,Aplaudiste a destiempo. Imperdonable.
event_grasshopper_choir_opt_1,Aplaudir con educación
event_centaur_patrol_text,Cascos resuenan en el pasillo. Un Centauro Huesudo patrulla la cripta como si fuera suya.
event_centaur_patrol_res_1,"¡Cascos contra cascos! Ganas por una vértebra. El centauro paga la apuesta, ofendido."
event_centaur_patrol_opt_1,Retarlo a una carrera (Patas de Centauro)
event_beetle_wall_text,Un Escarabajo Blindado bloquea el paso. No parece querer moverse. Ni poder.
event_beetle_wall_res_1,¡POC! El caparazón se raja y el escarabajo huye en calzones. Deja lo que guardaba.
event_beetle_wall_opt_1,Golpear el caparazón (Puño de Gólem)
event_lizard_embers_text,"Un Lagarto de Cenizas se calienta en un brasero. Cada vez que parpadeas, parece un poco más grande."
event_cyclops_watch_text,Un Cíclope Huesudo vigila el puente con su único ojo. Parpadea. Con el ojo entero.
event_cyclops_watch_res_1,"Ojo a ojo. Nadie parpadea. Tras un largo minuto, el cíclope llora, admite la derrota y te deja pasar."
event_cyclops_watch_opt_1,Devolverle la mirada (Cráneo de Cíclope)
event_double_trouble_text,Dos sombras se acercan juntas. Discuten en voz baja quién ataca primero.
event_dune_tunnel_text,La arena cae de un túnel. Escorpiones de las Dunas cavan en círculos buscando una cena huesuda.
event_angry_bear_text,"Un Oso Cadavérico metió la cara en un nido de avispas y ahora está muy, muy enojado."
event_wolf_pack_text,Tres pares de ojos se encienden en la oscuridad. La manada de las criptas aprendió a cazar en grupo.
event_rat_parade_text,Una procesión de Ratas Esqueleto carga un queso como si fuera un rey.
event_bat_swarm_text,"Una nube de murciélagos pasa chillando. Dos Murciélagos Vampiro se quedan atrás, hambrientos."
event_spider_queen_eggs_text,Huevos brillantes cubren la pared. Una Araña Tejedora cuida el nido y otra baja del techo.
event_abyss_bridge_text,"Un puente podrido cruza un abismo sin fondo. Del otro lado, algo brilla."
event_abyss_bridge_res_1,"Las tablas crujen, pero aguantan. Del otro lado, un puñado de polvo de hueso."
event_abyss_bridge_res_2,Una tabla cede. Quedas colgado de las costillas hasta que logras subir.
event_abyss_bridge_opt_1,Cruzar el puente
event_abyss_bridge_res_3,"Abres las alas y planeas sobre el vacío, saltando tres salas directo a un cofre olvidado."
event_abyss_bridge_opt_2,Sobrevolar el abismo (Alas)
event_abyss_bridge_res_4,El camino largo es más seguro. Y más aburrido.
event_abyss_bridge_opt_3,Dar la vuelta
event_flooded_corridor_text,El pasillo está inundado hasta las costillas. Suben burbujas desde algún lugar abajo.
event_flooded_corridor_res_1,"Tus huesos marinos saben nadar. En el fondo, atrapado entre algas, un hueso perfecto."
event_flooded_corridor_opt_1,Bucear (2 piezas Marinas)
event_flooded_corridor_res_2,"El agua helada ablanda tus huesos, pero encuentras unas monedas de polvo en el camino."
event_flooded_corridor_opt_2,Cruzar con cuidado
event_flooded_corridor_opt_3,Volver
event_locked_gate_text,Una reja de hierro cerrada guarda un cofre. La cerradura tiene forma de cráneo sonriente.
event_locked_gate_res_1,"¡Zas, zas! Los barrotes caen como palillos. El cofre es todo tuyo."
event_locked_gate_opt_1,Rebanar los barrotes (Hoja de Mantis)
event_locked_gate_res_2,¡Clic! El cráneo de la cerradura suelta una risita y se abre.
event_locked_gate_res_3,La cerradura te muerde el dedo. Literalmente.
event_locked_gate_opt_2,Forzar la cerradura
event_poison_swamp_text,"Un pantano verde ácido burbujea. En medio, un hueso reluciente apunta al techo."
event_poison_swamp_res_1,A los insectos no les importa el veneno. Tomas el hueso y hasta un sorbo de recuerdo.
event_poison_swamp_opt_1,Cruzar sin miedo (2 piezas de Insecto)
event_poison_swamp_res_2,"Arde, pero alcanzas el hueso."
event_poison_swamp_res_3,"Arde, y el hueso se hunde antes de que llegues."
event_poison_swamp_opt_2,Correr por el pantano
event_fire_pit_text,Un pozo de brasas bloquea el camino. Las llamas bailan como si se rieran de ti.
event_fire_pit_res_1,El fuego reconoce a un pariente. Sales del otro lado brillando y más fuerte.
event_fire_pit_opt_1,Caminar por el fuego (hueso de Dragón)
event_fire_pit_res_2,¡Un salto perfecto! Solo se chamuscó un poquito.
event_fire_pit_res_3,"Caíste justo en medio. Todo bien. Todo está en llamas, pero todo bien."
event_fire_pit_opt_2,Saltar las brasas
event_fire_pit_opt_3,Dar la vuelta
event_sleeping_giant_text,Un gigante de piedra duerme sobre una pila de polvo de hueso. Ronca como un terremoto.
event_sleeping_giant_res_1,Te vuelves una piedrita entre piedras. El gigante ni nota que llenas tus bolsillos.
event_sleeping_giant_opt_1,Esconderte en el caparazón y robar (Caparazón de Escarabajo)
event_sleeping_giant_res_2,Se da la vuelta y sigue roncando. Misión cumplida.
event_sleeping_giant_res_3,El gigante estornuda. Sales volando contra la pared.
event_sleeping_giant_opt_2,"Tomar un poco, de puntillas"
event_crypt_cat_text,Un gato esqueleto bloquea el camino y se niega a moverse. Quiere mimos. O pelea. Tal vez ambos.
event_crypt_cat_res_1,Ronronea como un sonajero. Te sientes extrañamente renovado.
event_crypt_cat_res_2,Era pelea. Definitivamente pelea.
event_crypt_cat_opt_1,Acariciarlo
event_bone_tailor_text,"Un sastre esqueleto ofrece ajustes: —Puedo apretar esos huesos, ¿sabes? Solo cobro un poquito."
event_bone_tailor_opt_1,Pagar 40 de polvo por un ajuste
event_bone_tailor_res_1,—Después no te quejes cuando se te caiga un brazo —refunfuña.
event_bone_tailor_opt_2,Rechazar
event_cursed_crown_text,Una corona oxidada descansa sobre un cojín de terciopelo. Susurra tu nombre... mal.
event_cursed_crown_res_1,La corona aprieta el cráneo. Te sientes poderoso y un poco más frágil.
event_cursed_crown_opt_1,Ponerte la corona
event_talking_skull_text,Una calavera en un estante susurra: —¿Me llevas contigo? Prometo no hablar mucho.
event_talking_skull_res_1,Habla mucho. Pero conoce todos los atajos y secretos de la cripta.
event_talking_skull_opt_1,Llevar la calavera
event_three_chests_text,Tres cofres idénticos están en fila. Uno de ellos respira.
event_three_chests_opt_1,Abrir el de la izquierda
event_three_chests_opt_2,Abrir el del medio
event_three_chests_opt_3,Abrir el de la derecha
event_collapsing_ceiling_text,¡El techo cruje y empieza a derrumbarse! Algo brilla entre los escombros.
event_collapsing_ceiling_opt_1,Correr
event_collapsing_ceiling_res_1,"¡Boing, boing, boing! Saltas entre las piedras y hasta agarras lo que brillaba."
event_collapsing_ceiling_opt_2,Saltar entre los bloques (Patas de Saltamontes)
event_spike_corridor_text,Las placas del suelo tienen marcas de huesos aplastados. Alguien claramente no leyó el aviso.
event_spike_corridor_opt_1,Pasar con cuidado
event_golden_sarcophagus_text,"Un sarcófago dorado. Un cartel advierte: NO ABRIR. Otro cartel, más pequeño: en serio."
event_golden_sarcophagus_res_1,"Adentro, un hueso raro envuelto en seda."
event_golden_sarcophagus_res_2,Las monedas de oro se vuelven polvo de hueso en tu mano. Igual sirve.
event_golden_sarcophagus_res_3,Una maldición sale volando y te muerde las costillas. Te avisaron.
event_golden_sarcophagus_opt_1,Abrirlo igual
event_clinging_skeleton_text,"Un esqueleto abraza un cofre con fuerza. Ya murió, pero todavía no lo suelta."
event_clinging_skeleton_res_1,"Tras mucho esfuerzo, el cofre es tuyo. El esqueleto parece aliviado."
event_clinging_skeleton_opt_1,Soltarlo dedo por dedo
event_wandering_gravedigger_text,El Sepulturero Ambulante vende huesos usados: —Garantía de 7 días o te devuelvo el cráneo.
event_wandering_gravedigger_opt_1,Ver la mercancía
event_bone_pawnshop_text,"Una pequeña casa de empeño huesuda acepta de todo. —Vendo, compro, cambio. Más que nada vendo."
event_bone_pawnshop_opt_1,Ver la mercancía
event_bone_pawnshop_opt_2,Vender un hueso
event_marrow_soup_text,"Una vendedora de sopa de médula revuelve un caldero. —¡Calienta los huesos, cariño!"
event_marrow_soup_opt_1,Tazón pequeño (20 de polvo)
event_marrow_soup_opt_2,Tazón gigante (45 de polvo)
event_hooded_merchant_text,"Un mercader encapuchado abre el abrigo. Adentro, solo huesos raros. —No preguntes de dónde salieron."
event_hooded_merchant_opt_1,Ver la mercancía
event_bone_banker_text,Un esqueleto banquero ofrece intereses: entrega tu polvo ahora y recibe más... tal vez.
event_bone_banker_res_1,¡La inversión rinde! El banquero lo devuelve con intereses y un guiño.
event_bone_banker_res_2,"—El mercado de huesos se desplomó —dice, guardándose tu polvo."
event_bone_banker_opt_1,Invertir 30 de polvo
event_caged_skeleton_text,"Un esqueleto atrapado en una jaula pide ayuda. Liberarlo cuesta polvo de hueso, pero luchará a tu lado."
event_caged_skeleton_res_1,"La jaula se abre. —¡Gracias, jefe! Yo me encargo de pegarles."
event_caged_skeleton_opt_1,Pagar 30 de polvo para liberarlo
event_caged_skeleton_res_2,"¡Clac! Las cadenas caen gratis. El esqueleto abraza tu pinza, emocionado."
event_caged_skeleton_opt_2,Cortar las cadenas (Pinza de Cangrejo)
event_lost_squire_text,Un escudero esqueleto perdió a su caballero. —¿Puedo seguirte? ¡Yo cargo las cosas!
event_lost_squire_res_1,"No carga nada, pero golpea con el escudo con mucho entusiasmo."
event_lost_squire_opt_1,Aceptar
event_lost_squire_opt_2,Rechazar
event_ghost_hound_text,Un perro fantasma mueve su cola transparente. Parece que perdió a su dueño hace unos trescientos años.
event_ghost_hound_res_1,El perro aúlla de alegría y empieza a morder los talones de tus enemigos.
event_ghost_hound_opt_1,Adoptarlo
event_exchange_altar_text,"El altar acepta uno de tus huesos y devuelve uno de otra familia, sin decir cuál."
event_exchange_altar_opt_1,Ofrecer un hueso
event_blood_altar_text,Un altar pide sangre. No tienes sangre. Acepta vida de todos modos.
event_blood_altar_res_1,El altar bebe y devuelve fuerza. Tus golpes se vuelven más pesados.
event_blood_altar_opt_1,Ofrecer vida
event_moon_altar_text,Un altar bañado por la luna convierte el polvo de hueso en huesos más fuertes.
event_moon_altar_opt_1,Ofrecer 50 de polvo
event_blue_campfire_text,Una fogata de velas azules: cura el 30% de la vida o mejora un hueso un nivel.
event_blue_campfire_opt_1,Descansar (curar 30%)
event_blue_campfire_opt_2,Mejorar un hueso
event_quiet_ossuary_text,"Un osario silencioso, lleno de nichos cómodos. Buen lugar para una siesta."
event_quiet_ossuary_opt_1,Dormir una siesta (curar 40%)
event_quiet_ossuary_res_1,Meditas sobre la naturaleza de los huesos. Conclusión: son geniales.
event_quiet_ossuary_opt_2,Meditar
event_candle_shrine_text,Un santuario de velas que nunca se apagan. La cera gotea en forma de huesos.
event_candle_shrine_opt_1,Rezar
event_candle_shrine_res_1,La vela susurra un 'gracias' y se vuelve polvo de hueso en tu mano.
event_candle_shrine_opt_2,Llevarte una vela
event_mirror_lake_text,Tu reflejo en el lago tiene un hueso de más. Te tiende la mano.
event_mirror_lake_res_1,"El agua te hiela hasta la médula. Al sacar la mano, sostiene un hueso que antes no estaba."
event_mirror_lake_opt_1,Estrechar la mano del reflejo
event_mirror_lake_res_2,El reflejo se encoge de hombros y vuelve a ser solo tú.
event_mirror_lake_opt_2,Retroceder despacio
event_fortune_skull_text,Una calavera adivina baraja cartas de hueso. —Una carta. Solo una.
event_fortune_skull_res_1,La Torre de Huesos: tu cuerpo se fortalece.
event_fortune_skull_res_2,La Rueda del Polvo: ¡riqueza a la vista!
event_fortune_skull_res_3,El Esqueleto Sabio: aprendes algo nuevo.
event_fortune_skull_opt_1,Sacar una carta
event_bone_comet_text,Un cometa de huesos cruza el techo de la cripta. ¡Pide un deseo!
event_bone_comet_opt_1,Pedir fuerza
event_bone_comet_opt_2,Pedir vida
event_bone_comet_opt_3,Pedir riqueza
result_power_up,¡Más fuerte!
trap_avoided,¡Tus ágiles piernas saltan la trampa justo a tiempo!
trap_hit,"¡Trampa! Algo cruje, se desploma y te golpea de lleno."
ally_joined,¡%s se unió al grupo!
choose_bone_sell,¿Qué hueso vender?
choose_bone_altar,¿Qué hueso ofrecer?
choose_bone_upgrade,¿Qué hueso mejorar?
bone_upgraded,¡%s +%d!
merchant_title,Mercancía
merchant_dust,Tu polvo de hueso: %s
btn_leave_shop,Irse
ally_caged_skeleton_name,Esqueleto Liberado
ally_lost_squire_name,Escudero Perdido
ally_ghost_hound_name,Perro Fantasma
event_type_merchant,Mercader
event_type_ally,Aliado
event_type_altar,Altar de intercambio
event_type_rest,Descanso
event_type_rare,Raro
tab_home,Inicio
tab_ossuary,Osario
tab_collection,Colección
tab_shop,Tienda
ossuary_upgrades,Mejoras
ossuary_upgrades_sub,El polvo de hueso se vuelve fuerza permanente para el próximo intento.
ossuary_hp,Vida
ossuary_atk,Ataque
ossuary_def,Defensa
ossuary_drop,Olfato de huesos
ossuary_hp_desc,Vida máxima: %s
ossuary_atk_desc,Ataque: %s
ossuary_def_desc,Defensa: %s
ossuary_drop_desc,Probabilidad de que caiga un hueso: %s
max_level,Máximo
upgraded,¡Mejorado!
companions_title,Compañeros
companions_sub,Lleva un compañero por partida. Suben de nivel con polvo de hueso.
companion_ossudo_name,"Ossudo, el perro esqueleto"
companion_lumi_name,"Lumi, la vela fantasma"
companion_bigorna_name,"Bigorna, el herrero"
companion_role_collector,Recolector
companion_role_healer,Curación
companion_role_forge,Forja
companion_ossudo_desc,15% de probabilidad de traer un hueso extra después de cada combate.
companion_lumi_desc,Cura el 8% de la vida de Huesito cada 3 turnos.
companion_bigorna_desc,"Una vez por partida, sube un hueso de común a raro."
companion_lock_companion_ossudo,Disponible desde el inicio.
companion_lock_companion_lumi,"Encuéntrala en un santuario de velas en la cripta, o libérala en la tienda."
companion_lock_companion_bigorna,Recompensa del 7.º día del bono de bienvenida.
btn_take_along,Llevar
companion_selected,Te acompaña
companion_unlocked,¡%s ahora es tu compañera de cripta!
relics_title,Reliquias
relics_sub,"Cuatro espacios: amuleto, anillo, capa y linterna. Mejóralas con polvo de hueso."
relic_amulet,Amuleto
relic_ring,Anillo
relic_cloak,Capa
relic_lantern,Linterna
relic_empty,Vacío
btn_switch,Cambiar
bone_chest_title,Cofre de huesos
bone_chest_opened,¡Cofre abierto!
btn_chest_ad,Anuncio (%d hoy)
odds_title,Probabilidades:
odds_relic_common,reliquia común
odds_relic_rare,reliquia rara
odds_relic_legendary,reliquia legendaria
odds_curiosity,curiosidad
stars_n,%d estrella(s)
ad_place_extra_chest,Abrir cofre extra
cabinet_title,Gabinete de Curiosidades
cabinet_sub,%d de %d objetos en el estante. Los repetidos ganan estrellas.
set_complete,completo
unknown_item,???
unknown_form,???
curiosity_found,¡Curiosidad encontrada: %s! (%d estrella)
curiosity_star,¡%s repetido: ahora con %d estrellas!
collection_title,Colección de huesos
collection_sub,%d de %d huesos encontrados. Toca un hueso para empezar la partida con él.
start_bone_current,Hueso inicial: %s
start_bone_none,ninguno
start_tokens,%d ficha(s) de hueso raro
start_bone_set,Empezar con este hueso
start_bone_clear,No empezar con este hueso
start_bone_need_token,Los huesos raros y legendarios requieren una ficha de Hueso inicial raro (Tienda).
bone_source,Lo suelta: %s
family_bonus_done,+5% permanente
family_bonus_todo,Completa para +5%
bestiary_title,Bestiario de Formas
bestiary_sub,%d de %d formas descubiertas.
form_hint_family,4 piezas de %s
form_hint_secret,Receta secreta
hunter_title,Cazador de Huesos
hunter_sub,"Si mueres, roba tu mejor hueso y lo usa."
hunter_none,Todavía no te ha robado nada. Todavía.
hunter_has,Huesos que está usando:
boss_bone_hunter_name,Cazador de Huesos
event_hunter_text,"Una figura encapuchada bloquea el pasillo. Es el Cazador de Huesos, vistiendo lo que te robó: %s. —¿Viniste a recuperarlo?"
hunter_fight,Luchar por venganza
hunter_flee,Evitar al Cazador
hunter_fled,Retrocedes a las sombras. El Cazador ríe bajito: —Será la próxima.
hunter_defeated,"¡El Cazador cae y te devuelve tu %s, ahora +%d!"
hunter_stole,¡El Cazador de Huesos se llevó tu %s!
chip_companion,Compañero: %s
chip_start_bone,Hueso inicial: %s
chip_hunter,El Cazador tiene %d hueso(s) tuyo(s)
bigorna_forge,Forjar con Bigorna (%d)
bigorna_title,Forja de Bigorna
bigorna_desc,Elige un hueso común para volverlo raro.
bigorna_done,¡Forjado!
ossudo_fetch,¡Ossudo trajo un hueso!
shop_title,Tienda
shop_coming,Próximamente.
relic_vertebra_amulet_name,Amuleto de Vértebra
relic_vertebra_amulet_desc,+5% de vida
relic_moon_amulet_name,Amuleto de la Luna
relic_moon_amulet_desc,"+8% de vida, +3% de robo de vida"
relic_ancestor_amulet_name,Amuleto Ancestral
relic_ancestor_amulet_desc,"+12% de vida, regenera 1% por turno"
relic_knuckle_ring_name,Anillo de Falange
relic_knuckle_ring_desc,+5% de ataque
relic_ember_ring_name,Anillo de Brasa
relic_ember_ring_desc,"+8% de ataque, +10% de daño de fuego"
relic_king_ring_name,Anillo del Rey
relic_king_ring_desc,"+12% de ataque, +4% de crítico"
relic_shroud_cloak_name,Capa de Mortaja
relic_shroud_cloak_desc,+4 de defensa
relic_bat_cloak_name,Capa de Murciélago
relic_bat_cloak_desc,"+6 de defensa, +4% de esquiva"
relic_shadow_cloak_name,Capa de las Sombras
relic_shadow_cloak_desc,"+10 de defensa, +6% de esquiva"
relic_tin_lantern_name,Linterna de Lata
relic_tin_lantern_desc,+5% de polvo de hueso
relic_gravedigger_lantern_name,Linterna del Sepulturero
relic_gravedigger_lantern_desc,"+8% de polvo, +3% de probabilidad de hueso, más eventos raros"
relic_soul_lantern_name,Linterna de las Almas
relic_soul_lantern_desc,"+12% de polvo, +5% de probabilidad de hueso"
set_crypt_name,Cripta
set_crypt_desc,Conjunto completo: +5% de ataque
set_gravedigger_name,Sepulturero
set_gravedigger_desc,Conjunto completo: un cofre garantizado cada 10 pisos
set_witch_name,Bruja
set_witch_desc,Conjunto completo: +5% de vida
set_golem_name,Gólem
set_golem_desc,Conjunto completo: +5 de defensa
set_dragon_name,Dragón
set_dragon_desc,Conjunto completo: +15% de daño de fuego
set_library_name,Biblioteca
set_library_desc,Conjunto completo: +3% de crítico
set_merchant_name,Mercader
set_merchant_desc,Conjunto completo: +8% de polvo de hueso
set_party_name,Fiesta
set_party_desc,Conjunto completo: +3% de robo de vida
set_shadow_name,Sombra
set_shadow_desc,Conjunto completo: +3% de esquiva
set_hydra_name,Hidra
set_hydra_desc,Conjunto completo: regenera 1% por turno
cur_melted_candle_name,Vela Derretida
cur_melted_candle_desc,+2% de vida
cur_holed_coin_name,Moneda Agujereada
cur_holed_coin_desc,+3% de polvo de hueso
cur_gold_tooth_name,Diente de Oro
cur_gold_tooth_desc,+2% de probabilidad de crítico
cur_rusty_shovel_name,Pala Oxidada
cur_rusty_shovel_desc,+5% de probabilidad de que caiga un hueso
cur_old_lantern_name,Linterna Vieja
cur_old_lantern_desc,+5% de probabilidad de evento raro
cur_torn_map_name,Mapa Rasgado
cur_torn_map_desc,Revela el tipo del próximo evento
cur_holed_hat_name,Sombrero Agujereado
cur_holed_hat_desc,+2% de vida
cur_cracked_cauldron_name,Caldero Rajado
cur_cracked_cauldron_desc,+5% de curación recibida
cur_bald_broom_name,Escoba Calva
cur_bald_broom_desc,+1 de velocidad
cur_broken_rune_name,Runa Partida
cur_broken_rune_desc,Escudo del 3% al inicio del combate
cur_eternal_moss_name,Musgo Eterno
cur_eternal_moss_desc,"Regenera 0,5% por turno"
cur_bent_gear_name,Engranaje Torcido
cur_bent_gear_desc,+2 de defensa
cur_scorched_scale_name,Escama Chamuscada
cur_scorched_scale_desc,+5% de daño de fuego
cur_eternal_ember_name,Brasa Eterna
cur_eternal_ember_desc,+2% de ataque
cur_chipped_claw_name,Garra Astillada
cur_chipped_claw_desc,+1% de crítico
cur_endless_book_name,Libro Sin Fin
cur_endless_book_desc,+5% de experiencia
cur_crow_quill_name,Pluma de Cuervo
cur_crow_quill_desc,+1% de crítico
cur_cracked_glasses_name,Gafas Rajadas
cur_cracked_glasses_desc,+2% de probabilidad de que caiga un hueso
cur_rigged_scale_name,Balanza Trucada
cur_rigged_scale_desc,+2% de polvo de hueso
cur_ancient_receipt_name,Recibo Antiguo
cur_ancient_receipt_desc,5% de descuento con los mercaderes
cur_empty_purse_name,Bolsa Vacía
cur_empty_purse_desc,+2% de polvo de hueso
cur_loaded_die_name,Dado Cargado
cur_loaded_die_desc,+1% de crítico
cur_bone_goblet_name,Copa de Huesos
cur_bone_goblet_desc,+1% de robo de vida
cur_grinning_mask_name,Máscara Sonriente
cur_grinning_mask_desc,+1% de esquiva
cur_murky_mirror_name,Espejo Turbio
cur_murky_mirror_desc,+1% de esquiva
cur_black_candle_name,Vela Negra
cur_black_candle_desc,+2% de ataque
cur_silent_bell_name,Campana Muda
cur_silent_bell_desc,+2% de vida
cur_hydra_tooth_name,Diente de Hidra
cur_hydra_tooth_desc,+3% de ataque
cur_triple_scale_name,Escama Triple
cur_triple_scale_desc,+3 de defensa
cur_serpent_eye_name,Ojo de Serpiente
cur_serpent_eye_desc,+2% de crítico
